    TimeStep,Voltage,Temperature,WaterLevel,DeltaWaterLevel,MotorStatus,MotorHealth
    0,224.96714153011231,80.99033154879004,49.562410862512806,0.0,1,Faulty
    1,218.61735698828815,73.86950524369153,49.39015152715505,-0.17225933535775795,1,Normal
    2,226.47688538100692,60.89445554880261,48.89394156665507,-0.496209960499975,1,Normal
    3,235.23029856408024,50.295948334416394,48.63996080183555,-0.2539807648195236,1,Normal
    4,217.65846625276663,70.47334970420386,47.59315346835866,-1.0468073334768917,1,Normal
    5,217.6586304305082,65.90228078132624,47.59980032204513,0.006646853686469001,1,Faulty
    6,235.79212815507393,73.42789830041599,47.50040305972624,-0.09939726231888812,1,Normal
    7,227.6743472915291,69.52757702522955,46.99185874419214,-0.5085443155340954,1,Normal
    8,215.30525614065047,75.74329072979003,47.221481578408344,0.229622834216201,1,Normal
    9,225.42560043585965,51.97147182659148,47.590266647221625,0.3687850688132812,1,Normal
    10,215.36582307187538,79.76091098451488,46.686486715037134,-0.9037799321844915,1,Normal
    11,215.34270246429742,62.96399407038599,46.20512432575403,-0.48136238928310604,1,Normal
    12,222.41962271566035,91.12891308937898,45.72055315086038,-0.4845711748936452,1,Normal
    13,200.86719755342202,49.66218272865648,45.15060160030595,-0.5699515505544355,1,Normal
    14,202.75082167486968,86.03945704747875,45.465339021271824,0.3147374209658764,1,Normal
    15,214.37712470759027,62.96866175193972,45.26842595188542,-0.19691306938640452,1,Normal
    16,209.87168879665577,50.22872994578327,45.03616853123012,-0.23225742065530142,1,Normal
    17,223.14247332595275,52.741712489185176,43.93423734902674,-1.10193118220338,1,Normal
    18,210.91975924478788,55.1947903770852,44.151946364131355,0.21770901510461727,1,Normal
    19,205.87696298664707,66.36248919602875,43.432317166704614,-0.719629197426741,1,Normal
    20,234.65648768921554,67.8425323205325,43.36228348183778,-0.0700336848668357,1,Normal
    21,217.74223699513465,51.394499940921314,43.400971950816874,0.03868846897909606,1,Faulty
    22,220.67528204687923,59.634681116085254,43.9813012487362,0.5803292979193273,1,Normal
    23,205.75251813786542,92.13405537917795,43.22689104917664,-0.7544101995595582,1,Normal
    24,214.55617275474816,85.91314755151066,41.61713497126623,-1.6097560779104114,1,Normal
    25,221.10922589709867,66.54485504511048,41.60905974364308,-0.00807522762315216,1,Faulty
    26,208.49006422577696,60.570052172523006,42.40931533439851,0.8002555907554267,1,Normal
    27,223.75698018345673,61.80046990077392,42.92878851086822,0.5194731764697167,1,Normal
    28,213.99361310081196,69.20276959095625,42.933618218505536,0.004829707637313163,1,Faulty
    29,217.08306250206724,44.658111522023916,42.58780012568951,-0.3458180928160246,1,Normal
    30,213.98293387770602,56.139351938649824,42.89136142400817,0.3035612983186553,1,Normal
    31,238.52278184508938,34.97123889183616,42.30458832415594,-0.5867730998522305,1,Normal
    32,219.86502775262065,65.98834683907918,42.44276720883404,0.1381788846781049,1,Normal
    33,209.42289071044098,69.70793909554112,42.59550228841736,0.15273507958331578,1,Normal
    34,228.2254491210319,52.75220306550939,43.0256072421668,0.43010495374944213,1,Normal
    35,207.79156350028978,83.6098014493505,44.30543726162234,1.279830019455538,1,Normal
    36,222.08863595004755,41.61351505496488,44.40164524521172,0.09620798358938032,1,Normal
    37,200.40329876120225,38.0343767968527,44.04716343235797,-0.3544818128537486,1,Normal
    38,206.7181395110157,63.36677727839958,43.93437627626197,-0.11278715609599743,1,Normal
    39,221.96861235869125,75.70647453918232,42.94983832381742,-0.9845379524445548,1,Normal
    40,227.3846657999541,85.25891537186803,42.502481758272886,-0.4473565655445313,1,Normal
    41,221.7136828118997,53.1167360569659,42.19784053921634,-0.30464121905654906,1,Normal
    42,218.8435171761176,76.18021250146944,41.83579634024904,-0.3620441989672969,1,Normal
    43,216.98896304410712,59.422372957489394,41.8119737762659,-0.023822563983138423,1,Faulty
    44,205.21478009632574,57.41059050088771,41.3007638100748,-0.5112099661911031,1,Normal
    45,212.8015579160529,73.25489906230008,41.761279143737035,0.4605153336622365,1,Normal
    46,215.39361229040213,69.78484317620129,41.66138267619613,-0.09989646754090131,1,Normal
    47,230.57122226218917,36.35411764523626,41.55673251562683,-0.10465016056930665,1,Normal
    48,223.43618289568462,82.14810524588844,41.29278515737037,-0.2639473582564591,1,Normal
    49,202.36959844637266,80.70137031221176,41.27038049929986,-0.0224046580705064,1,Faulty
    50,223.24083969394795,50.61655947735706,41.582929631633675,0.3125491323338139,1,Normal
51,216.14917719583684,65.93705300156114,41.04936452377822,-0.533565107855452,1,Normal
52,213.2307799969404,67.41045279424108,40.620306279240594,-0.42905824453762875,1,Normal
53,226.1167628884087,63.910106487358604,40.36844326485227,-0.25186301438832714,1,Normal
54,230.30999522495952,51.7454226923187,39.59550780311566,-0.7729354617366084,1,Normal
55,229.31280119116198,49.92564948092922,39.08587887325491,-0.5096289298607459,1,Normal
56,211.60782476777362,59.61668893512832,38.74776843648258,-0.33811043677233243,1,Normal
57,216.90787624148786,77.59093528889048,39.08496302683894,0.33719459035636135,1,Normal
58,223.31263431403565,68.15400231891648,39.1162436913399,0.031280664500961564,1,Faulty
59,229.7554512712236,54.44078501870841,39.11303864702368,-0.0032050443162248143,1,Faulty
60,215.2082576215471,71.57548065972517,39.438487628107666,0.3254489810839871,1,Normal
61,218.14341023336183,17.27186069054887,39.26980173390797,-0.16868589419969737,1,Normal
62,208.9366502599397,77.23148550558156,39.36503415887241,0.0952324249644434,1,Normal
63,208.0379337591933,33.904293318328506,39.21342328240616,-0.1516108764662505,1,Normal
64,228.12525822394198,54.563385878953014,39.24610445710597,0.032681174699810356,1,Faulty
65,233.56240028570824,43.20495158060784,38.85472512830019,-0.3913793288057832,1,Normal
66,219.27989878419666,40.57977786418641,37.53531654916197,-1.3194085791382193,1,Normal
67,230.03532897892023,77.41240181067779,37.368176968068816,-0.16713958109315286,1,Normal
68,223.61636025047633,52.98448198032163,37.97955103611879,0.611374068049976,1,Normal
69,213.54880245394875,65.19755822596073,38.34265873723959,0.3631077011207964,1,Normal
70,223.61395605508415,59.29619131681224,38.72535747953517,0.382698742295581,1,Normal
71,235.38036566465968,67.15561240834683,39.24342284043828,0.5180653609031083,1,Normal
72,219.64173960890048,61.15232836590383,39.187751635919,-0.055671204519278206,1,Normal
73,235.64643655814007,40.755116637171454,39.186409489621795,-0.0013421462972047493,1,Faulty
74,193.80254895910255,74.94400229170711,38.77758354190462,-0.40882594771717606,0,Normal
75,228.21902504375223,52.593651252580315,38.51954711389109,-0.25803642801352566,1,Normal
76,220.87047068238172,36.651271520103734,38.727432688776666,0.20788557488557302,1,Normal
77,217.00992649534132,53.578272585511314,39.22937490736108,0.5019422185844107,1,Normal
78,220.91760776535503,82.51139685951466,39.05965176952057,-0.1697231378405064,1,Normal
79,200.12431085399106,72.7533261317024,38.73455713709487,-0.3250946324257029,1,Normal
80,217.80328112162488,54.77021798388211,38.63482111652317,-0.09973602057169728,1,Normal
81,223.57112571511746,54.76113443522357,38.83542449098773,0.20060337446455634,1,Normal
82,234.77894044741515,55.17547423173926,38.013497082920956,-0.8219274080667702,1,Normal
83,214.81729781726352,91.15121975341262,36.765406606352336,-1.2480904765686205,1,Normal
84,211.91506397106812,65.7290317834733,36.390138181606545,-0.3752684247457907,1,Normal
85,214.98242956415464,66.45062470786604,35.679781968649465,-0.7103562129570804,1,Normal
86,229.15402117702075,75.45425181047763,35.32571186982581,-0.35407009882365514,1,Normal
87,223.28751109659686,63.581837385397705,35.151821710417074,-0.1738901594087352,1,Normal
88,214.7023979623296,56.11436781268945,34.825197505905564,-0.32662420451151064,1,Normal
89,225.13267433113356,57.05475226372533,35.45143127314094,0.6262337672353766,1,Normal
90,220.9707754934804,58.92598110878904,35.5148036554421,0.06337238230116071,1,Normal
91,229.68644990532889,59.44166645235238,35.565040835247515,0.0502371798054142,1,Normal
92,212.97946906122647,70.9144431545547,35.776144407269214,0.21110357202169894,1,Normal
93,216.72337853402232,60.77918828710949,35.10672784837883,-0.6694165588903829,1,Normal
94,216.0789184686784,70.98960115823368,35.526283742088964,0.41955589371013247,1,Normal
95,205.36485051867882,58.78925129837126,35.38840159882123,-0.1378821432677313,1,Normal
96,222.96120277064577,61.17952785474136,35.623641907441844,0.23524030862061096,1,Normal
97,222.61055272179888,30.026989732018386,34.98771329092176,-0.6359286165200828,1,Normal
98,220.05113456642462,73.74491512053723,34.11083390791373,-0.8768793830080313,1,Normal
99,217.65412866624854,65.19732713846989,34.41977873692625,0.30894482901251763,1,Normal
100,205.84629257949587,74.97015164789478,34.507983499975005,0.08820476304875768,1,Normal
101,215.79354677234642,16.556169327094658,33.95695772279625,-0.5510257771787579,1,Normal
102,216.5728548347323,91.32562057171091,33.422126182158905,-0.5348315406373416,1,Normal
103,211.9772273077838,57.90615557767239,33.884843574366286,0.46271739220738084,1,Normal
104,218.38714288333992,76.62274225106275,33.19013762793262,-0.6947059464336647,1,Normal
105,224.04050856814538,44.401411093117034,33.911474104560604,0.7213364766279824,1,Normal
106,238.8618590121053,69.19160857593855,33.361163737236666,-0.550310367323938,1,Normal
107,221.7457781283184,44.198766552395156,33.58035970004086,0.21919596280419285,1,Normal
108,222.57550390722764,50.64346558956292,33.31605046216637,-0.26430923787448535,1,Normal
109,219.25554084233832,88.71047030800179,33.51764417770754,0.2015937155411649,1,Normal
110,200.8122878470096,57.1397639885498,33.145587176650444,-0.37205700105709383,1,Normal
111,219.73486124550783,63.26149309769584,32.964190723614294,-0.18139645303615026,1,Normal
112,220.60230209941025,73.05101596033131,32.88465031131216,-0.07954041230213704,1,Normal
113,244.63242112485287,67.43522831958907,32.28355658342142,-0.6010937278907349,1,Normal
114,218.07639035218878,62.256283577153646,32.55396875613148,0.2704121727100599,1,Normal
115,223.01547342333612,65.47441503699338,32.19736197289569,-0.3566067832357902,1,Normal
116,219.65288230294757,96.05123377857413,31.983062015225684,-0.21429995767000776,1,Normal
117,208.31321962380468,59.13571804449622,31.385887327921427,-0.5971746873042569,1,Normal
118,231.4282281451502,63.016485700724516,30.00472049852377,-1.3811668293976567,1,Normal
119,227.51933032686773,75.75981594011418,29.809206617223687,-0.19551388130008363,1,Normal
120,227.91031947043047,76.58288899436975,30.915514328030145,1.1063077108064583,1,Normal
121,210.9061254520526,77.8054545834057,31.207816471979157,0.2923021439490121,1,Normal
122,234.027943109361,69.58095333043777,31.09818628211196,-0.10963018986719675,1,Normal
123,205.9814893720772,42.854926309042746,30.866740867507826,-0.23144541460413492,1,Normal
124,225.8685709380027,84.50147298451644,30.77797381391385,-0.08876705359397619,1,Normal
125,241.90455625809977,42.804819104719684,30.951533371501455,0.17355955758760544,1,Normal
126,210.09463674869312,64.5395319785855,30.261126963847033,-0.6904064076544216,1,Normal
127,214.33702270397228,48.68586224970963,30.71828781118147,0.4571608473344355,1,Normal
128,220.9965136508764,59.03792480110511,30.975978468902092,0.25769065772062305,1,Normal
129,214.96524345883802,64.9314361545522,31.23507133175606,0.2590928628539686,1,Normal
130,204.49336568933867,64.8203582317541,31.354309201160923,0.1192378694048628,1,Normal
131,220.68562974806028,66.32881131352927,31.26411753000792,-0.0901916711530042,1,Normal
132,209.37696286273896,84.20566903587971,31.500548147991328,0.2364306179834088,1,Normal
133,224.73592430635182,66.8030145227097,31.696455214862016,0.1959070668706886,1,Normal
134,210.80575765766196,56.33765047064027,31.419434859391504,-0.27702035547051196,1,Normal
135,235.4993440501754,74.46130752432536,31.032633972943053,-0.38680088644845156,1,Normal
136,212.16746707663762,77.8420573338696,30.983562120574046,-0.04907185236900702,1,Faulty
137,216.77938483794324,41.58588277294511,31.65807219632164,0.6745100757475946,1,Normal
138,228.1351721736967,68.96100104774787,30.93851865849469,-0.7195535378269504,1,Normal
139,207.69135683566046,70.51759113466348,30.10475602561847,-0.8337626328762191,1,Normal
140,222.2745993460413,55.53654744960012,30.08713644623673,-0.017619579381740635,1,Faulty
141,233.07142754282427,80.6356021996743,30.01258029716474,-0.07455614907199148,1,Normal
142,203.92516765438774,57.7491661945121,29.999251129349943,-0.01332916781479554,1,Faulty
143,221.84633858532305,61.88364680207313,30.021227728304194,0.021976598954250193,1,Faulty
144,222.59882794248423,57.40392263574196,29.809626600986793,-0.211601127317401,1,Normal
145,227.8182287177731,60.23368571372201,30.454558320287834,0.6449317193010415,1,Normal
146,207.63049289121918,43.55587369657197,29.554106331049578,-0.9004519892382561,1,Normal
147,206.79543386915725,38.39923676108559,29.039857818659456,-0.5142485123901217,1,Normal
148,225.21941565616896,83.91757594837458,28.888230438584934,-0.15162738007452248,1,Normal
149,222.96984673233186,47.29557977522508,27.966636033007852,-0.9215944055770819,1,Normal
150,222.50492850345876,45.129114758155396,27.778708830791818,-0.18792720221603432,1,Normal
151,223.46448209496975,27.699148295944276,28.509443913655826,0.7307350828640082,1,Normal
152,213.1997527842151,50.41557378465747,28.419887157803807,-0.08955675585201917,1,Normal
153,222.32253697161005,40.153653098887524,28.435237610663147,0.01535045285934089,1,Faulty
154,222.93072473298682,84.63022740204553,27.70515522807686,-0.7300823825862892,1,Normal
155,212.85648581973632,75.1472563401395,27.29697452405712,-0.40818070401973827,1,Normal
156,238.65774511144755,49.67774482233414,27.00937633389515,-0.28759819016196886,1,Normal
157,224.73832920911786,93.78653708016463,26.750518785517034,-0.25885754837811703,1,Normal
158,208.08696502797352,74.72648230487391,27.29134068301892,0.5408218975018855,1,Normal
159,226.56553608633828,55.12752924737066,27.47018621338148,0.1788455303625618,1,Normal
160,210.2531832977268,22.508914276896405,26.814457234912965,-0.6557289784685167,1,Normal
161,227.8708460374245,94.36413858886112,26.837709624128966,0.023252389216001035,1,Faulty
162,231.58595579007405,39.15641299854606,26.98682049837736,0.1491108742483931,1,Normal
163,211.79317681648288,35.31901879564663,27.456895017637994,0.4700745192606348,1,Normal
164,229.6337612924432,75.3385564801446,28.14716536092218,0.6902703432841868,1,Normal
165,224.12780926936497,96.59628609508908,27.539618265008247,-0.6075470959139331,1,Normal
166,228.2206015999449,80.76409227765777,27.034189509403078,-0.5054287556051698,1,Normal
167,238.9679298265395,68.4586368007854,26.30540057994577,-0.7287889294573091,1,Normal
168,217.54611883997129,68.92131512497929,26.088390650392277,-0.21700992955349108,1,Normal
169,212.46263835642512,72.80123338170462,26.221569837615444,0.1331791872231669,1,Normal
170,211.10485570374476,71.38392884680148,26.615237095909997,0.3936672582945526,1,Normal
171,211.84189715034563,64.21787135954064,26.477261584088737,-0.13797551182126,1,Normal
172,219.22898290585897,61.56301655927814,26.217337822461314,-0.25992376162742303,1,Normal
173,223.41151974816643,59.06110308150716,26.193216818585682,-0.02412100387563143,1,Faulty
174,222.76690799330018,48.690531166999854,25.67564536777067,-0.5175714508150122,1,Normal
175,228.27183249036023,55.78987384699839,26.62041472861806,0.9447693608473884,1,Normal
176,220.13001891877906,34.605647787069216,25.71658421505903,-0.9038305135590292,1,Normal
177,234.53534077157317,58.52490559807875,25.70895450450689,-0.007629710552137681,1,Faulty
178,217.35343166762044,45.17113339273624,26.62075761412171,0.9118031096148194,1,Normal
179,247.2016916658962,43.44616024176344,26.52415753640171,-0.09660007772000156,1,Normal
180,226.25667347765005,62.698412267302174,26.329138018900963,-0.19501951750074653,1,Normal
181,211.42842443583717,80.880034295169,26.05041530749575,-0.2787227114052122,1,Normal
182,209.29107501938887,73.7747490900347,25.860219466614545,-0.19019584088120567,1,Normal
183,224.82472415243186,36.442490945652345,26.44664370395281,0.5864242373382638,1,Normal
184,217.7653721467415,45.15557795144494,25.240712748288054,-1.2059309556647548,1,Normal
185,227.14000494092093,74.11156781982324,25.90742959893622,0.6667168506481644,1,Normal
186,224.73237624573545,45.26268909692536,25.095451022711146,-0.8119785762250729,1,Normal
187,219.27171087343126,56.63050275004463,24.86212485809394,-0.2333261646172069,1,Normal
188,211.53206281931594,68.25078148536828,24.547502647944608,-0.3146222101493308,1,Normal
189,204.85152775314134,45.47483317704547,24.741779282829967,0.19427663488535885,1,Normal
190,215.53485047932978,61.580632592189396,23.84271710688809,-0.8990621759418751,1,Normal
191,228.56398794323474,39.989617576226934,23.973803439929064,0.1310863330409724,1,Normal
192,222.14093744130204,50.9794853407318,24.88595825157249,0.9121548116434255,1,Normal
193,207.54261221288013,64.79672901213806,24.104371249276085,-0.7815870022964049,1,Normal
194,221.73180925851182,36.105093997024966,24.09922433308128,-0.0051469161948034525,1,Faulty
195,223.85317379728838,66.60712106940599,23.668233244182975,-0.4309910888983062,1,Normal
196,211.16142563798866,59.70543301609978,23.781176847279493,0.11294360309651807,1,Normal
197,221.5372510594553,68.28734931625722,23.69075073598737,-0.09042611129212474,1,Normal
198,220.58208718446,63.358712010969924,23.270007281465215,-0.4207434545221531,1,Normal
199,208.57029702169376,80.46210644960766,23.41394342390075,0.14393614243553543,1,Normal
200,223.57787360348283,61.87836753971861,24.21611747879412,0.8021740548933707,1,Normal
201,225.60784526368235,53.558916883121206,24.020665582930473,-0.19545189586364842,1,Normal
202,230.83051243175277,61.83446254548426,24.280544554004564,0.25987897107409097,1,Normal
203,230.53802052034902,68.14947043554582,23.533908075068982,-0.7466364789355815,1,Normal
204,206.2233063204291,60.732901054885566,22.95568988665998,-0.5782181884090036,1,Normal
205,210.62174960084877,60.608875368058236,23.091893025600168,0.1362031389401892,1,Normal
206,225.1503526720866,49.47012468289867,23.73395103986815,0.642058014267981,1,Normal
207,225.13785950912208,50.05648623673578,23.811757714260978,0.07780667439282851,1,Normal
208,225.15047686306048,38.96092092300459,23.5552286989994,-0.25652901526157734,1,Normal
209,258.5273149065472,86.24365114780409,23.454874401711077,-0.10035429728832312,1,Normal
210,225.70890510693167,41.34205146913072,22.729670534726218,-0.7252038669848595,1,Normal
211,231.355656401806,49.60642203306139,22.9319281979039,0.2022576631776829,1,Normal
212,229.540017634932,49.22389101646204,23.273094729065605,0.34116653116170426,1,Normal
213,226.513912513058,73.42386565416662,22.947049562649063,-0.3260451664165416,1,Normal
214,216.84730755359655,55.57575482561958,22.61202848876931,-0.33502107387975144,1,Normal
215,227.58969220493267,78.716131090106,22.644967603595337,0.03293911482602496,1,Faulty
216,212.2717478546243,49.897640636341976,22.32660773557504,-0.31835986802029836,1,Normal
217,217.63181393259993,64.18491243335703,22.193541428262126,-0.13306630731291236,1,Normal
218,215.14636452170896,47.46979420110364,23.143402322845382,0.9498608945832565,1,Normal
219,220.81874139386323,92.17723691660083,22.919889472472384,-0.22351285037299817,1,Normal
220,243.1465856667351,42.18602371455731,22.640719396461773,-0.2791700760106117,1,Normal
221,201.32734807408252,64.64731065340541,22.216948493644193,-0.42377090281758,1,Normal
222,226.86260190374514,69.50665321398148,22.48904447939416,0.2720959857499672,1,Normal
223,203.87284128810347,66.20698646177247,22.29843239278511,-0.19061208660905038,1,Normal
224,215.28068134210565,57.220685116834375,21.873745873624397,-0.4246865191607121,1,Normal
225,230.88950596967365,58.05268950399861,22.434397889760902,0.5606520161365047,1,Normal
226,220.64280019095463,60.657172079686646,23.04419939201772,0.6098015022568184,1,Normal
227,209.22255222070694,57.79496997557267,22.64398760914837,-0.4002117828693521,1,Normal
228,212.84696290740033,74.45818675192365,21.61071763346806,-1.0332699756803088,1,Normal
229,226.79597748934677,93.15784502387027,22.01447447838652,0.40375684491846187,1,Normal
230,212.69633368282862,51.637623224882496,21.57215956550652,-0.4423149128800006,1,Normal
231,222.16458589581976,39.45295530631383,21.867472365087906,0.2953127995813851,1,Normal
232,220.45571839903815,58.67576927473118,20.78242045623199,-1.0850519088559167,1,Normal
233,213.48399652394184,98.69564006481477,21.128719125381643,0.3462986691496539,1,Normal
234,241.43944089325325,47.944881480454036,20.42313316074125,-0.7055859646403917,1,Normal
235,226.3391902231801,84.58675208166102,20.688515220274514,0.26538205953326255,1,Normal
236,199.74857413342392,85.1655122111466,20.59565175419273,-0.0928634660817842,0,Normal
237,221.86454314769426,51.69617637438008,20.01868204449441,-0.5769697096983215,1,Normal
238,213.3821353523161,68.53474618777913,19.715163888031018,-0.3035181564633902,1,Normal
239,228.52433334796223,84.42594934692806,19.95832311650937,0.24315922847835125,1,Normal
240,212.074792615673,54.313083885187694,19.911270343066988,-0.047052773442381124,1,Faulty
241,218.852635585331,56.946294598464576,20.10347683330323,0.19220649023624148,1,Normal
242,225.04987278980457,51.274786290770344,20.99169712556097,0.888220292257742,1,Normal
243,228.65755194170123,44.778649039607,20.109576319705447,-0.882120805855525,1,Normal
244,207.99703592944223,50.26083682400989,20.818182607189758,0.7086062874843115,1,Normal
245,216.6549876415905,41.64089599856615,20.770360575951365,-0.04782203123839324,1,Faulty
246,215.25054688839043,60.51125202388839,20.220968551789802,-0.5493920241615626,1,Normal
247,213.4667076742629,48.450401534120374,19.455811738920307,-0.7651568128694954,1,Normal
248,237.65454240281096,63.50678867686121,19.26125154353179,-0.1945601953885152,1,Normal
249,224.04981710960956,36.66156530694559,19.622076599494022,0.3608250559622306,1,Normal
250,207.39116045664954,64.96320348321686,19.458302039305256,-0.16377456018876657,1,Normal
251,229.17861947054777,72.50293442413387,20.11387950442893,0.6555774651236739,1,Normal
252,241.22156197012634,30.093965361428168,19.28829165940315,-0.8255878450257796,1,Normal
253,230.32465260551146,65.61084854771359,19.182247185480122,-0.10604447392302774,1,Normal
254,204.80630034045987,78.41503488709938,18.456050463273563,-0.7261967222065593,1,Normal
255,215.15765927133748,41.855384719631914,18.537866404586048,0.0818159413124846,1,Normal
256,232.66911149186623,85.08858580256555,18.881310099634696,0.3434436950486486,1,Normal
257,212.9233053438122,66.28528514049067,18.57092920279417,-0.3103808968405275,1,Normal
258,224.43819428146227,49.424822163623865,17.168822274480604,-1.4021069283135645,1,Normal
259,227.74634053429338,59.16346383513441,17.16829634787885,-0.0005259266017532127,1,Faulty
260,210.73069528421917,68.37490368782584,17.286665623745606,0.11836927586675472,1,Normal
261,219.404746439382,61.14008087118617,17.388813001226453,0.10214737748084701,1,Normal
262,187.58732659930928,68.08133988669553,17.906704097137528,0.5178910959110752,0,Normal
263,209.7561235866571,46.1898961038095,17.271177257313006,-0.6355268398245215,1,Normal
264,217.4743184860684,62.54041236054117,17.511285310038232,0.24010805272522617,1,Normal
265,207.5221681803515,38.79428254642529,18.00753906627722,0.49625375623898904,1,Normal
266,236.32411303931636,58.33160907976949,17.018245274273966,-0.9892937920032558,1,Normal
267,205.69858622039368,46.44138537802815,17.078071187233455,0.05982591295948936,1,Normal
268,215.59955513303015,48.9670508611535,16.725981271729623,-0.3520899155038322,1,Normal
269,221.3074057728609,78.54139762815656,16.5852199351788,-0.140761336550824,1,Normal
270,234.41273289066115,76.36965180891403,16.659058176947966,0.07383824176916676,1,Normal
271,205.64137848820562,69.13707181360766,16.31544389489119,-0.3436142820567767,1,Normal
272,231.6316375215496,43.61530852991132,15.877589855310383,-0.43785403958080593,1,Normal
273,220.10233061019588,55.25387325457797,15.794666064054397,-0.08292379125598615,1,Normal
274,210.18491348952048,78.19646549968775,15.151043094622999,-0.643622969431398,1,Normal
275,224.6210347426327,62.12575370459857,14.50813053018041,-0.6429125644425895,1,Normal
276,221.9905969557347,94.7899430997254,14.74781717165866,0.2396866414782508,1,Normal
277,213.99783122841205,65.89976759091557,14.07342015407933,-0.6743970175793308,1,Normal
278,220.6980208499002,62.880736747350475,14.306576404533935,0.23315625045460564,1,Normal
279,216.1468640313824,55.363253036962476,14.437872050960912,0.13129564642697744,1,Normal
280,221.13517345251248,62.00311357173423,13.474968686565617,-0.9629033643952951,1,Normal
281,226.62130674521046,57.712952454291845,13.036186360397792,-0.438782326167825,1,Normal
282,235.86016816145352,70.62163015032885,13.53324106192148,0.49705470152368747,1,Normal
283,207.62184501173152,74.35053475191876,12.942658296351638,-0.5905827655698417,1,Normal
284,241.33033374656267,48.21015809238076,12.610456165196943,-0.33220213115469477,1,Normal
285,200.47912200477498,40.03150569663333,12.741486611822893,0.13103044662594954,1,Normal
286,218.48214904964416,32.456919403450556,13.03318186646419,0.2916952546412972,1,Normal
287,225.88317206484575,67.61986990368815,12.807412423441946,-0.22576944302224433,1,Normal
288,222.80991867735034,43.449500907391894,12.408657326096126,-0.3987550973458198,1,Normal
289,213.77300480179406,27.706641105712755,13.019842256945381,0.6111849308492552,1,Normal
290,217.91877749642725,65.82867906796446,13.78929208884417,0.7694498318987897,1,Normal
291,215.06999065341168,97.39499276149186,14.178721114235067,0.3894290253908963,1,Normal
292,214.10635243055788,59.9089363269016,14.12138018551758,-0.05734092871748686,1,Normal
293,228.49602097021025,72.57736161677462,13.617247324697118,-0.5041328608204623,1,Normal
294,223.57015485965047,61.22744037821347,13.102025121418833,-0.5152222032782845,1,Normal
295,213.07090404739347,58.51665520213286,13.26328217405171,0.1612570526328767,1,Normal
296,228.9959987543325,73.78614724481653,13.372481284496054,0.10919911044434372,1,Normal
297,223.0729952087661,55.64588183717023,13.973280580969266,0.6007992964732125,1,Normal
298,228.12862118838962,64.01088471107855,14.198505627237338,0.22522504626807205,1,Normal
299,226.29628841923613,64.8254670929402,13.346965476357433,-0.8515401508799059,1,Normal
300,211.7100498907793,49.978643195354266,13.77293928521889,0.42597380886145686,1,Normal
301,214.3981895980303,74.88063524304785,13.17390897156168,-0.5990303136572095,1,Normal
302,227.4729360512326,57.37560364956887,12.881923335585505,-0.2919856359761752,1,Normal
303,226.10370265433465,48.66382260760733,12.907023438711349,0.025100103125843987,1,Faulty
304,219.7909840603585,68.04764765355606,13.804857183603332,0.8978337448919831,1,Normal
305,221.17327383308782,46.52298027313444,15.259816461606015,1.4549592780026828,1,Normal
306,232.77664895788425,60.42271736053692,15.463177991174106,0.20336152956809173,1,Normal
307,214.0842861116417,59.86321505033695,15.271579681813911,-0.19159830936019517,1,Normal
308,225.4709738117004,76.28843348747367,15.438832506054183,0.167252824240272,1,Normal
309,217.97807347566106,67.12047349319928,15.782660218991104,0.34382771293692116,1,Normal
310,217.8231879677278,59.624595618822845,15.522326406212507,-0.26033381277859746,1,Normal
311,230.9877685198719,72.26649448800431,16.31993208416867,0.7976056779561631,1,Normal
312,228.25416348988028,80.8531132352597,16.33496746376437,0.01503537959570167,1,Faulty
313,228.13509636000637,68.36715459527794,16.48383900831007,0.14887154454569895,1,Normal
314,233.0547880715433,60.15528929765071,16.716801134337302,0.23296212602723188,1,Normal
315,220.2100384163276,40.32245651474761,16.82759443964453,0.11079330530722586,1,Normal
316,226.81952971294965,44.02329505386941,17.147064689879336,0.3194702502348079,1,Normal
317,216.89733243406545,55.421629434679986,16.738438096605876,-0.4086265932734605,1,Normal
318,223.24166352488442,50.85731696761076,16.35928721963286,-0.3791508769730143,1,Normal
319,218.69856945632316,57.19543045521831,15.709210103147015,-0.6500771164858463,1,Normal
320,220.96995964992718,60.849748873456605,15.828960718457125,0.11975061531011022,1,Normal
321,225.95157025436913,67.94539131535096,16.11842897021318,0.2894682517560554,1,Normal
322,211.8177931676653,58.94251832911363,16.24731540328912,0.12888643307594094,1,Normal
323,240.9238727568546,67.29752465739303,16.98456161996289,0.7372462166737677,1,Normal
324,209.93982618500297,60.9671162221518,16.88176361054837,-0.10279800941452066,1,Normal
325,207.8581138721227,30.368001504691932,17.116134438344623,0.23437082779625484,1,Normal
326,231.58110873500067,45.90996909271868,16.470284000274965,-0.6458504380696581,1,Normal
327,227.91662693962937,57.83868666417577,16.176734149037763,-0.2935498512372021,1,Normal
328,226.24119817052156,41.85457885738339,16.42450302782065,0.24776887878288534,1,Normal
329,226.2834550926428,68.99893094994307,16.74905408319222,0.3245510553715718,1,Normal
330,219.87753227153087,82.96126248515546,16.502070609360132,-0.2469834738320884,1,Normal
331,211.02745628514168,78.28142777545975,16.3662709834311,-0.13579962592903172,1,Normal
332,220.75804558193727,56.79835693604688,15.507334110090696,-0.8589368733404044,1,Normal
333,213.2283828848789,82.36089205274928,15.22881950968739,-0.2785146004033052,1,Normal
334,229.7511973341775,62.23001185803167,15.574011091447282,0.3451915817598916,1,Normal
335,218.5294261849786,54.94371043322941,15.761613599500564,0.18760250805328127,1,Normal
336,211.74502803207488,50.7989600468859,15.911946460191167,0.1503328606906038,1,Normal
337,216.78614158347006,55.462954702678076,15.836833303781646,-0.07511315640952176,1,Normal
338,224.12931454275625,54.17734772188157,15.740364883095737,-0.096468420685909,1,Normal
339,214.36275447196024,62.55624333563232,15.310204313359016,-0.4301605697367208,1,Normal
340,211.77779604433567,62.40860971574797,15.55961852346028,0.2494142101012642,1,Normal
341,222.4368721149191,60.04569030230122,15.670104995654974,0.11048647219469387,1,Normal
342,222.44966571108722,66.55407254619524,15.81611441965137,0.1460094239963965,1,Normal
343,214.93056824628871,77.85969412179512,15.453096998317577,-0.3630174213337938,1,Normal
344,215.28961694381678,74.24331203161985,14.276425538381957,-1.1766714599356192,1,Normal
345,222.32049937357635,37.726530473251444,14.725001894258803,0.4485763558768454,1,Normal
346,205.51915658502676,21.691182976470678,14.385583166254598,-0.3394187280042047,1,Normal
347,205.92536225623445,74.01479866858911,13.854195284233036,-0.5313878820215621,1,Normal
348,212.81555778747565,39.49681952376868,14.100934740190034,0.2467394559569982,1,Normal
349,217.86552848288153,56.62851897160975,13.804928420230468,-0.2960063199595666,1,Normal
350,223.10907565598004,42.448304609109606,14.234896612253777,0.4299681920233098,1,Normal
351,234.75356216949552,32.970293436299706,14.443399587042123,0.20850297478834534,1,Normal
352,228.5765962320202,68.12194092307182,14.685184248642365,0.24178466160024215,1,Normal
353,218.40061470036574,71.3873274045397,13.9022063930421,-0.7829778556002651,1,Normal
354,219.8098379209731,51.35234398909921,14.408178385735297,0.5059719926931976,1,Normal
355,209.9747063536219,21.134365617826354,14.438803651352224,0.030625265616926356,1,Faulty
356,219.8148686400761,51.806333276212754,14.154165081729126,-0.2846385696230982,1,Normal
357,217.1134136107986,65.8770600810382,14.125859315400248,-0.02830576632887727,1,Faulty
358,223.2271856033809,37.81632646838807,13.13774169895109,-0.9881176164491592,1,Normal
359,211.72769056447677,62.750398796687335,13.242068104691427,0.10432640574033769,1,Normal
360,225.19346514241172,59.77035226240507,12.627382350600392,-0.6146857540910347,1,Normal
361,235.32738913002578,68.68937249401633,11.851047207678626,-0.7763351429217664,1,Normal
362,218.91239851543142,61.7937055262123,10.989867614569683,-0.8611795931089432,1,Normal
363,224.0171172209894,45.40396588677667,11.446211802064646,0.4563441874949632,1,Normal
364,226.90143991711113,77.94857252496737,11.031580105218254,-0.4146316968463921,1,Normal
365,215.98779528114164,57.62205640459545,11.698443960176505,0.6668638549582511,1,Normal
366,222.24092481810416,59.590431907351025,11.330543228650356,-0.36790073152614866,1,Normal
367,220.12592400781796,46.00098061390206,10.376864249853881,-0.953678978796475,1,Normal
368,220.9767609854883,53.35076623212734,9.718602029879548,-0.6582622199743327,1,Normal
369,212.26990216144534,46.727959289596484,10.236507839883018,0.5179058100034695,1,Normal
370,220.24510174258944,57.405809101148655,10.058558750914685,-0.17794908896833306,1,Normal
371,224.9799829124545,85.67562720213516,9.684415102669384,-0.3741436482453011,1,Normal
372,234.5114360779504,39.421482856029655,9.66442421559578,-0.019990887073603858,1,Faulty
373,229.59270826085208,35.79657903184888,9.81531558367955,0.15089136808376935,1,Normal
374,241.53182457511556,82.06755491240412,10.274014991630779,0.45869940795122943,1,Normal
375,212.32652437111952,56.86014484272201,10.898264606577243,0.6242496149464642,1,Normal
376,228.72320636720679,49.963908920101254,10.618380283682697,-0.2798843228945458,1,Normal
377,221.8334200573835,75.59857031094114,9.855356440641678,-0.7630238430410188,1,Normal
378,241.89802933217672,50.91576690394704,9.548623860080042,-0.3067325805616363,1,Normal
379,211.91701714644847,87.39014570320404,9.578764113371484,0.03014025329144232,1,Faulty
380,211.60278157819224,70.16888807008904,8.996884650266182,-0.5818794631053024,1,Normal
381,214.0060735455598,52.68132887781446,8.418309192818661,-0.5785754574475206,1,Normal
382,198.76104275690193,92.35962319898255,8.490203133593603,0.07189394077494171,0,Normal
383,214.7424497831924,50.914276154949924,8.365876957808375,-0.12432617578522809,1,Normal
384,212.40867338446301,71.13143058013961,8.282275455514167,-0.08360150229420782,1,Normal
385,221.50393786476207,64.48938870609737,7.80302778816413,-0.47924766735003743,1,Normal
386,223.41755975777158,79.52611934098198,7.587827431061243,-0.2152003571028871,1,Normal
387,238.76170839215885,83.42266795090279,7.025710858927091,-0.5621165721341512,1,Normal
388,229.5042383818605,60.4800622359865,7.370810064489483,0.3450992055623914,1,Normal
389,214.23096344337597,48.69873194480725,7.7884347318513605,0.41762466736187775,1,Normal
390,211.01585328651643,66.89958214408675,6.765340800732311,-1.0230939311190497,1,Normal
391,224.91919171506507,49.834269453718406,6.200585370636105,-0.5647554300962057,1,Normal
392,206.7976679297936,90.20080871289935,5.352320743091063,-0.8482646275450421,1,Normal
393,238.31458765854353,62.04802996624106,4.927308775887617,-0.4250119672034458,1,Normal
394,231.79440120721287,54.52017673031837,4.785589790992439,-0.14171898489517787,1,Normal
395,215.30824347895296,62.77020458797362,3.9607671811431757,-0.8248226098492637,1,Normal
396,202.86865470909123,39.793105657054554,3.39983727458052,-0.5609299065626558,1,Normal
397,233.53872374165414,45.42578942234023,2.7978585885397678,-0.6019786860407521,1,Normal
398,218.85460154747383,78.00620861916639,2.801492253239239,0.0036336646994712396,1,Faulty
399,232.3781631197346,50.14658581542906,2.7361644217573655,-0.06532783148187349,1,Normal
400,204.05572341205632,44.296335259770906,2.2752956450887396,-0.4608687766686259,1,Normal
401,214.00624977046226,68.04979128790929,2.263706081158439,-0.011589563930300528,1,Faulty
402,220.05243699718184,77.78556231994496,1.890366038864805,-0.37334004229363416,1,Normal
403,220.4698059376474,70.784299659976,1.6545384837017778,-0.2358275551630271,1,Normal
404,215.49934528520757,74.94071528708724,2.391264528851046,0.7367260451492683,1,Normal
405,226.22849932347498,48.64807367145809,2.961495054746223,0.5702305258951768,1,Normal
406,209.32379570617405,38.67283999887235,2.2117044362824245,-0.7497906184637984,1,Normal
407,218.57620514978706,82.5200047793323,2.5265706452220087,0.31486620893958417,1,Normal
408,221.20295631711897,55.15980241736796,2.8322689224678044,0.3056982772457957,1,Normal
409,225.14438834058748,56.23750475317429,2.1581372780914947,-0.6741316443763097,1,Normal
410,227.1161487808889,79.92291212773587,2.4675260999689215,0.3093888218774268,1,Normal
411,208.7535790816213,68.3434501410099,3.136492059175197,0.6689659592062753,1,Normal
412,204.65885829264377,66.83831658122412,2.4752196560529924,-0.6612724031222044,1,Normal
413,232.7767682189851,92.47503517351626,1.9164682455458575,-0.558751410507135,1,Normal
414,223.3231401197959,50.347226544297854,2.3252989789676093,0.4088307334217518,1,Normal
415,212.51513463443447,73.91760192121856,2.361046634380436,0.03574765541282687,1,Faulty
416,235.51151975522524,60.855196873456265,2.536784772000196,0.17573813761975998,1,Normal
417,221.15674634292859,64.02888418294886,2.607079380200446,0.0702946082002498,1,Normal
418,231.79297184063827,82.92702639618798,2.7024273406645207,0.09534796046407479,1,Normal
419,220.6751848141011,67.61753634434436,1.9391912765089785,-0.7632360641555422,1,Normal
420,240.60747924881986,68.07444118574449,2.362850129819705,0.4236588533107266,1,Normal
421,237.55340842443204,76.08761005964703,2.8476451260335907,0.48479499621388555,1,Normal
422,217.51035851520928,54.52570905685672,2.6329497539995756,-0.214695372034015,1,Normal
423,229.71570950954356,47.4118549899149,2.5112112790926417,-0.1217384749069339,1,Normal
424,226.45375949585147,44.327862089684494,1.6456575278147838,-0.8655537512778579,1,Normal
425,233.68631557532348,30.504651159359973,1.8027849058236995,0.15712737800891574,1,Normal
426,210.35076539419896,90.84310694910484,1.9888136266807734,0.1860287208570739,1,Normal
427,226.86051459998438,43.451874514174754,1.8577181181811184,-0.131095508499655,1,Normal
428,230.5842448684959,56.68119564621342,2.3198947981163727,0.46217667993525424,1,Normal
429,202.41260513576884,55.84780050166619,2.0528561826263996,-0.2670386154899731,1,Normal
430,208.16741487334224,64.61110046713651,2.235159145573199,0.1823029629467996,1,Normal
431,199.607678222399,72.23605818808946,1.625326976227143,-0.6098321693460562,0,Normal
432,217.30593165555442,72.90710232539618,1.5135509007900225,-0.11177607543712043,1,Normal
433,227.17542255795962,51.25383842146592,1.326373771838604,-0.18717712895141858,1,Normal
434,235.02357052096028,57.49317429320383,1.3390277328590727,0.012653961020468785,1,Faulty
435,220.74094780419776,64.2386992573245,1.0542642684423953,-0.28476346441667744,1,Normal
436,236.28615545571293,56.2696331072468,0.8885279706065603,-0.165736297835835,1,Normal
437,206.19898541785108,84.1101836402999,1.201551556327317,0.3130235857207566,1,Normal
438,202.96617560644845,67.36462427457377,0.8831694377082115,-0.31838211861910537,1,Normal
439,219.44452301103382,71.02316679074727,0.0,-0.8831694377082115,1,Normal
440,223.84065448939307,69.94321903001119,0.7546728394415823,0.7546728394415823,1,Normal
441,219.67305251905907,77.60210786227987,1.3453998787868287,0.5907270393452464,1,Normal
442,199.32557899960125,62.7153233805556,0.5992685312340171,-0.7461313475528115,0,Normal
443,219.1087996048721,40.5475207806623,0.8441224338566116,0.24485390262259443,1,Normal
444,206.95530499495146,65.99531927628962,0.49263504858093654,-0.351487385275675,1,Normal
445,226.6967254883004,50.22964659312257,0.5243786562464692,0.031743607665532636,1,Faulty
446,223.66598246096848,52.07074977375365,0.5714907207532178,0.04711206450674865,1,Faulty
447,210.60120213672644,68.7954602813264,0.3542868205950569,-0.21720390015816093,1,Normal
448,214.86133082663306,78.57424607150453,0.0,-0.3542868205950569,1,Normal
449,209.40786478111048,60.319073651040924,0.0,0.0,1,Faulty
450,219.37320902726827,64.63249518898445,0.0,0.0,1,Faulty
451,229.55142320501238,85.53322416952857,0.0,0.0,1,Faulty
452,210.14273953664457,63.61129769232853,0.0,0.0,1,Faulty
453,225.04046515517845,99.02524671270592,0.0,0.0,1,Faulty
454,214.6974238162756,68.48264468447316,0.0,0.0,1,Faulty
455,212.07127167737656,33.58855861266274,0.0,0.0,1,Faulty
456,218.92969640045442,71.30012431656799,0.0,0.0,1,Faulty
457,209.64757677580627,65.71737577324167,0.0,0.0,1,Faulty
458,214.46350694652818,79.34629131124119,0.0,0.0,1,Faulty
459,208.0212210741115,70.09772026904938,0.0,0.0,1,Faulty
460,239.6472513291639,57.92316024024339,0.0,0.0,1,Faulty
461,220.3526355197173,41.635526455659516,0.0,0.0,1,Faulty
462,213.00274492007415,56.86465114070962,0.0,0.0,1,Faulty
463,222.1397991073422,47.2421931868605,0.0,0.0,1,Faulty
464,218.8767195030917,51.29214825292916,0.0,0.0,1,Faulty
465,217.79030400466777,68.82867606630914,0.0,0.0,1,Faulty
466,226.14166700043424,85.0485675652711,0.0,0.0,1,Faulty
467,227.57507710047304,65.92007294734472,0.0,0.0,1,Faulty
468,214.69498852389472,42.06175406947224,0.0,0.0,1,Faulty
469,214.2418175935532,66.66904002330212,0.0,0.0,1,Faulty
470,217.24948302848355,77.94947229968477,0.0,0.0,1,Faulty
471,196.98078835264414,50.85325643520927,0.0,0.0,0,Normal
472,204.8480893780145,57.989742499906235,0.0,0.0,1,Faulty
473,233.66874267444524,60.22032292093795,0.0,0.0,1,Faulty
474,236.44967713501285,48.2265253037664,0.0,0.0,1,Faulty
475,217.50963960443622,69.72420650765788,0.0,0.0,1,Faulty
476,225.76556963055765,58.18577777088328,0.0,0.0,1,Faulty
477,223.11250154543535,66.29298665860541,0.0,0.0,1,Faulty
478,250.7888080845524,46.6876173329685,0.0,0.0,1,Faulty
479,231.19574911434577,53.438125495148846,0.0,0.0,1,Faulty
480,218.72082408519233,70.83572036741657,0.0,0.0,1,Faulty
481,210.44459559399576,54.4075027186235,0.0,0.0,1,Faulty
482,203.93553679742428,85.90445776850108,0.024964981683218923,0.024964981683218923,1,Faulty
483,222.03463635867223,54.005457215780964,0.0,-0.024964981683218923,1,Faulty
484,212.43649254715697,63.37027088627829,0.0,0.0,1,Faulty
485,205.77746290402325,73.98886247809635,0.0,0.0,1,Faulty
486,213.53427115757472,38.724514006004526,0.0,0.0,1,Faulty
487,209.18451996385605,33.587867820288366,0.0,0.0,1,Faulty
488,236.87141635072564,37.11515528144858,0.0,0.0,1,Faulty
489,228.8163975694945,78.93876155140774,0.0,0.0,1,Faulty
490,219.92027358683382,51.7221278116133,0.0,0.0,1,Faulty
491,234.79944138890025,98.37298928502378,0.0,0.0,1,Faulty
492,220.77368307647617,51.53628602013917,0.0,0.0,1,Faulty
493,211.38715798671737,62.768269547955555,0.0,0.0,1,Faulty
494,235.23124077269657,83.13164928851813,0.0,0.0,1,Faulty
495,225.38910043684658,90.09139332238684,0.0,0.0,1,Faulty
496,209.62753845673544,90.92255364954596,0.0,0.0,1,Faulty
497,218.0966132191639,78.12549345889714,0.0,0.0,1,Faulty
498,211.24381746615242,75.36093788717193,0.0,0.0,1,Faulty
499,206.17200269035663,68.88790423801774,0.0,0.0,1,Faulty
500,229.26177547531643,71.67541614249957,0.0,0.0,1,Faulty
501,239.0941664047013,51.732214255071995,0.0,0.0,1,Faulty
502,206.01432426180858,47.72701674866539,0.0,0.0,1,Faulty
503,225.62969236690572,59.94938313883572,0.0,0.0,1,Faulty
504,213.49357430878172,57.447230662126074,0.0,0.0,1,Faulty
505,215.12874616235302,53.201579260090874,0.0,0.0,1,Faulty
506,214.07606075761132,70.44581171185072,0.0,0.0,1,Faulty
507,211.36009230320184,74.32957812855766,0.0,0.0,1,Faulty
508,220.48521627944828,61.32610329437771,0.0,0.0,1,Faulty
509,211.69049883588963,82.16295121582893,0.0,0.0,1,Faulty
510,222.7045682577984,42.87466328799742,0.0,0.0,1,Faulty
511,219.49761890550863,57.095108110804226,0.0,0.0,1,Faulty
512,217.6105195313359,49.247665190957925,0.0,0.0,1,Faulty
513,210.924363379584,32.0019507439041,0.0,0.0,1,Faulty
514,214.23228669431668,58.75978971235951,0.0,0.0,1,Faulty
515,227.55391225825755,58.17378737425075,0.0,0.0,1,Faulty
516,225.0091718762438,82.70174614863197,0.0,0.0,1,Faulty
517,210.22444755201448,69.46217526832166,0.0,0.0,1,Faulty
518,220.99332305429226,44.63719763506192,0.0,0.0,1,Faulty
519,227.51387123371788,87.81138849501282,0.0,0.0,1,Faulty
520,203.3059471887863,78.31550543288029,0.0,0.0,1,Faulty
521,225.43360192379936,68.73146555202923,0.0,0.0,1,Faulty
522,213.37376241054153,56.60273851725252,0.0,0.0,1,Faulty
523,225.7059866859316,45.6084114491478,0.0,0.0,1,Faulty
524,212.36740843457483,54.416898358934205,0.0,0.0,1,Faulty
525,201.9511789933548,76.33122929556279,0.0,0.0,1,Faulty
526,203.72457562116838,88.26879458901914,0.0,0.0,1,Faulty
527,220.48084946661382,83.14865292408284,0.0,0.0,1,Faulty
528,222.5972250172148,52.667258673205886,0.0,0.0,1,Faulty
529,210.95683374895592,43.205738500664836,0.0,0.0,1,Faulty
530,226.38592458777373,62.113293703668056,0.0,0.0,1,Faulty
531,203.3847993773104,33.473409516557226,0.0,0.0,1,Faulty
532,219.33920201352683,64.84751571277172,0.0,0.0,1,Faulty
533,207.88983800237543,57.78596120551997,0.0,0.0,1,Faulty
534,213.4816389219784,53.00945247197637,0.0,0.0,1,Faulty
535,220.47398671316415,36.07945399099807,0.0,0.0,1,Faulty
536,211.39586634716048,67.70400159854574,0.0,0.0,1,Faulty
537,216.15444455770174,52.009487405071326,0.0,0.0,1,Faulty
538,230.0629280921444,42.451247464345684,0.0,0.0,1,Faulty
539,214.2310813047685,16.916066800775262,0.0,0.0,1,Faulty
540,228.3569211206514,59.58727642424046,0.0,0.0,1,Faulty
541,208.70293145342382,86.58377395004617,0.0,0.0,1,Faulty
542,225.29804177915284,84.91888821821806,0.0,0.0,1,Faulty
543,234.415686206579,53.14355615120592,0.0,0.0,1,Faulty
544,195.2835549987271,50.966819094573296,0.0,0.0,0,Normal
545,212.03104744529523,67.03161384112536,0.0,0.0,1,Faulty
546,225.7707212718054,45.02421841217563,0.0,0.0,1,Faulty
547,217.96954613957007,64.52687849729199,0.0,0.0,1,Faulty
548,223.7114587337131,71.49120417577035,0.0,0.0,1,Faulty
549,213.9601481328418,78.40399835826462,0.0,0.0,1,Faulty
550,220.865897874729,58.49768885280071,0.0,0.0,1,Faulty
551,218.4432276460792,56.94489374734551,0.0,0.0,1,Faulty
552,231.67782061659807,46.830261198651584,0.0,0.0,1,Faulty
553,222.54420843301213,47.5967946894021,0.0,0.0,1,Faulty
554,223.37602662075201,56.602816621477096,0.0,0.0,1,Faulty
555,215.88123033877534,65.51048260224267,0.0,0.0,1,Faulty
556,215.12393775927507,73.70376939349875,0.0,0.0,1,Faulty
557,215.6744181218038,47.95231573979483,0.0,0.0,1,Faulty
558,223.94452142378296,82.39032853439282,0.0,0.0,1,Faulty
559,215.79015519179737,55.93314598436147,0.0,0.0,1,Faulty
560,222.89774856896412,59.67949058477346,0.0,0.0,1,Faulty
561,240.75400798645438,48.79182481278265,0.0,0.0,1,Faulty
562,228.71124703431693,23.636396095905873,0.0,0.0,1,Faulty
563,216.7397646783216,73.26068094541574,0.0,0.0,1,Faulty
564,232.01213922163944,71.0526584563865,0.0,0.0,1,Faulty
565,215.91924626978448,55.780086643226795,0.0,0.0,1,Faulty
566,199.61875464822145,61.00486075837308,0.0,0.0,0,Normal
567,209.91913689082597,67.73908826556149,0.0,0.0,1,Faulty
568,201.29208078974145,36.56181214670186,0.0,0.0,1,Faulty
569,216.48486515958692,52.06420983980558,0.0,0.0,1,Faulty
570,220.18418379189552,71.9139701943274,0.0,0.0,1,Faulty
571,236.76437312275283,41.18565865246126,0.0,0.0,1,Faulty
572,223.26927373764164,64.40336898249944,0.0,0.0,1,Faulty
573,217.80899471191137,39.65127293064893,0.0,0.0,1,Faulty
574,228.29405581183488,66.9964497365029,0.0,0.0,1,Faulty
575,197.88864690992114,59.465377765537745,0.0,0.0,0,Normal
576,222.35614558108566,35.77302276141736,0.0,0.0,1,Faulty
577,227.70865193886968,77.47109031685757,0.0,0.0,1,Faulty
578,205.21413754220157,48.981126348029264,0.0,0.0,1,Faulty
579,231.43754043206928,47.84621344478428,0.0,0.0,1,Faulty
580,223.38496407494415,63.008537958464146,0.0,0.0,1,Faulty
581,215.847120860992,77.22956024143073,0.0,0.0,1,Faulty
582,226.32781866106285,44.762672715324044,0.0,0.0,1,Faulty
583,242.70692857804397,60.92519774771957,0.0,0.0,1,Faulty
584,221.81866255058495,66.4322475049586,0.0,0.0,1,Faulty
585,222.48220586300337,70.39658410894717,0.0,0.0,1,Faulty
586,215.40639100459757,62.64662332915838,0.0,0.0,1,Faulty
587,211.5015563053521,54.494582413750166,0.0,0.0,1,Faulty
588,228.30335816544246,47.5861466902692,0.0,0.0,1,Faulty
589,211.43916174091132,61.292158245695624,0.0,0.0,1,Faulty
590,220.71566237219392,43.9179148202159,0.0,0.0,1,Faulty
591,215.22342553234884,16.17974274758089,0.0,0.0,1,Faulty
592,224.78979825746393,66.54839706236501,0.0,0.0,1,Faulty
593,223.33662105286948,73.55902261629294,0.0,0.0,1,Faulty
594,230.37539944257898,24.55601346687242,0.0,0.0,1,Faulty
595,214.89983601145252,44.854039429350934,0.0,0.0,1,Faulty
596,217.3012506470663,69.28731391507796,0.0,0.0,1,Faulty
597,210.21236284217693,90.86243204567548,0.0,0.0,1,Faulty
598,215.5570673992389,60.31190561513112,0.0,0.0,1,Faulty
599,223.7730049304485,49.07995588156298,0.0,0.0,1,Faulty
600,227.56988616645353,57.256553383427395,0.0,0.0,1,Faulty
601,210.77834675822373,80.62314628722277,0.0,0.0,1,Faulty
602,228.6960592010566,50.310537313131974,0.0,0.0,1,Faulty
603,233.5563785880495,48.0121199002462,0.0,0.0,1,Faulty
604,224.134349032237,52.758847167269515,0.0,0.0,1,Faulty
605,238.76795812558066,45.70007087611931,0.0,0.0,1,Faulty
606,212.26210800896428,61.84005473992193,0.0,0.0,1,Faulty
607,207.55345296688583,84.3701768770434,0.0,0.0,1,Faulty
608,202.21279751095722,64.84618909674043,0.0,0.0,1,Faulty
609,234.96044311489183,56.21469746810568,0.0,0.0,1,Faulty
610,226.54365656354057,55.62283096626684,0.0,0.0,1,Faulty
611,219.44415329089546,36.552137869550144,0.0,0.0,1,Faulty
612,222.7996862631982,73.24664665720738,0.0,0.0,1,Faulty
613,208.74510952701624,58.83244204480797,0.0,0.0,1,Faulty
614,244.45751979616827,57.29280129614062,0.0,0.0,1,Faulty
615,221.29221181975228,107.8966135176729,0.0,0.0,1,Overheat
616,221.09394794604893,64.48129362548529,0.0,0.0,1,Faulty
617,227.25766623898693,48.72313424857224,0.0,0.0,1,Faulty
618,224.81009231736712,53.60463605691685,0.0,0.0,1,Faulty
619,222.23884024279133,77.22668563795132,0.0,0.0,1,Faulty
620,212.09525544554688,61.69905615806647,0.0,0.0,1,Faulty
621,224.71468357135996,38.4258303252395,0.0,0.0,1,Faulty
622,238.82024496475034,73.78843401862805,0.0,0.0,1,Faulty
623,233.4542004615498,49.97783871691509,0.0,0.0,1,Faulty
624,235.93186626639397,88.09946664326318,0.0,0.0,1,Faulty
625,214.88784323568814,76.20072098571973,0.0,0.0,1,Faulty
626,210.1039517974142,53.29017156511873,0.0,0.0,1,Faulty
627,218.74213079900352,79.2152454260267,0.0,0.0,1,Faulty
628,220.55724912288696,61.01783265791105,0.0,0.0,1,Faulty
629,230.94191518470947,72.79160512683329,0.0,0.0,1,Faulty
630,203.0753537028518,67.27099225941713,0.0,0.0,1,Faulty
631,235.29550319460614,47.3046501751369,0.0,0.0,1,Faulty
632,218.4199210142101,50.346752515238066,0.0,0.0,1,Faulty
633,215.7311893005258,75.44941226371742,0.0,0.0,1,Faulty
634,209.87895624739832,54.97837001840189,0.0,0.0,1,Faulty
635,203.4514332813423,53.94527305137005,0.0,0.0,1,Faulty
636,228.23170583961914,45.673161309759706,0.0,0.0,1,Faulty
637,220.73317967188405,66.35398598390192,0.0,0.0,1,Faulty
638,207.10039100258945,90.93787378864718,0.0,0.0,1,Faulty
639,207.04921227936384,43.9870062861859,0.0,0.0,1,Faulty
640,216.64215300709873,60.36329185009137,0.0,0.0,1,Faulty
641,236.69021525289392,81.18330833123144,0.0,0.0,1,Faulty
642,217.40408648636395,58.805379131314275,0.0,0.0,1,Faulty
643,204.96857046881894,66.78557694374601,0.0,0.0,1,Faulty
644,217.54256935914054,44.0640970777968,0.0,0.0,1,Faulty
645,217.27276430252329,66.42460645811472,0.0,0.0,1,Faulty
646,193.03113357058427,57.192836024931765,0.0,0.0,0,Normal
647,219.45705133482187,74.78594993519795,0.0,0.0,1,Faulty
648,217.69065469791323,77.81079077347127,0.0,0.0,1,Faulty
649,226.96206364813418,98.84345463027921,0.0,0.0,1,Faulty
650,238.48956094945345,68.69449759820364,0.0,0.0,1,Faulty
651,231.26565029547757,64.8869447487325,0.0,0.0,1,Faulty
652,217.31111309445168,62.91576452366004,0.0,0.0,1,Faulty
653,208.9347409125833,54.702505607839676,0.0,0.0,1,Faulty
654,245.7335980324986,65.07725765192536,0.0,0.0,1,Faulty
655,220.59218434014488,55.56897884791456,0.0,0.0,1,Faulty
656,220.13929291912947,62.52691464404421,0.0,0.0,1,Faulty
657,219.75874912889998,79.7639630341194,0.0,0.0,1,Faulty
658,221.98084760767856,44.90186152080538,0.0,0.0,1,Faulty
659,218.55639588076056,77.09817841693568,0.0,0.0,1,Faulty
660,214.26337993119765,79.75672601009798,0.0,0.0,1,Faulty
661,214.53141058759607,58.22897209513382,0.0,0.0,1,Faulty
662,219.67246729784003,28.172176514871083,0.0,0.0,1,Faulty
663,214.56575228866234,50.882670193583515,0.0,0.0,1,Faulty
664,212.87154217322836,79.45491819841664,0.0,0.0,1,Faulty
665,221.06430227691897,59.656979065516765,0.0,0.0,1,Faulty
666,217.45022782579144,45.01046651557634,0.0,0.0,1,Faulty
667,235.0399298858269,52.42837618157674,0.0,0.0,1,Faulty
668,193.49030191606988,72.60930039756829,0.0,0.0,0,Normal
669,230.91506851922463,68.20100352302069,0.0,0.0,1,Faulty
670,232.46085192497628,56.416018512454585,0.0,0.0,1,Faulty
671,199.2660976759185,54.49763382277969,0.0,0.0,0,Normal
672,216.57312405919652,54.12362776434267,0.0,0.0,1,Faulty
673,216.2855913400421,46.163847232522464,0.0,0.0,1,Faulty
674,205.9248830528218,84.23063534204162,0.0,0.0,1,Faulty
675,212.22183312409123,55.1651929618299,0.0,0.0,1,Faulty
676,208.8942415453417,78.25737781238244,0.0,0.0,1,Faulty
677,237.52270443423623,82.81974077883677,0.0,0.0,1,Faulty
678,229.3567839314746,74.9746634722194,0.0,0.0,1,Faulty
679,232.7155509499416,53.52569530922928,0.0,0.0,1,Faulty
680,227.21672064043236,66.05595135504915,0.0,0.0,1,Faulty
681,208.7094822878277,59.63706590413626,0.0,0.0,1,Faulty
682,214.75479733720226,46.44447208904808,0.0,0.0,1,Faulty
683,224.8937456122792,64.86538922582405,0.0,0.0,1,Faulty
684,207.77872191108054,42.31440313260296,0.0,0.0,1,Faulty
685,227.12998430172388,77.81519082692346,0.0,0.0,1,Faulty
686,217.59674601841866,53.03074054052411,0.0,0.0,1,Faulty
687,216.25179192450403,63.01739483809259,0.0,0.0,1,Faulty
688,227.1095996820349,64.24931807319213,0.0,0.0,1,Faulty
689,224.4426331148604,56.11642539443884,0.0,0.0,1,Faulty
690,216.3903383418092,68.80040702212912,0.0,0.0,1,Faulty
691,231.59329803364247,52.876445150662136,0.0,0.0,1,Faulty
692,209.18936672400102,73.06945946185866,0.0,0.0,1,Faulty
693,226.15935606944265,39.81030479629877,0.0,0.0,1,Faulty
694,225.93101257968385,61.89569369319618,0.0,0.0,1,Faulty
695,216.9045356068601,89.08393498587427,0.0,0.0,1,Faulty
696,223.26133022242118,44.995030130916376,0.0,0.0,1,Faulty
697,207.48886423614698,49.83382544212723,0.0,0.0,1,Faulty
698,229.240270192069,67.70861774488372,0.0,0.0,1,Faulty
699,218.1509786355701,62.69372672909397,0.0,0.0,1,Faulty
700,214.77276979480962,65.25945148910338,0.0,0.0,1,Faulty
701,230.4900922583689,67.33780695221495,0.0,0.0,1,Faulty
702,212.9565630945724,69.52082202842655,0.0,0.0,1,Faulty
703,205.9153870363644,76.64549762934334,0.0,0.0,1,Faulty
704,204.43370826476095,66.14727985392769,0.0,0.0,1,Faulty
705,226.0600995134564,56.38113518072186,0.0,0.0,1,Faulty
706,207.19570647503718,70.08860551804096,0.0,0.0,1,Faulty
707,237.54794181984366,88.49822902342824,0.0,0.0,1,Faulty
708,199.18070592116277,58.010493804261394,0.0,0.0,0,Normal
709,236.96456368290038,45.38206042994038,0.0,0.0,1,Faulty
710,222.11017467202618,76.60621003930459,0.0,0.0,1,Faulty
711,219.03286888129608,58.19428254069603,0.0,0.0,1,Faulty
712,214.5508091319105,27.409956809789456,0.0,0.0,1,Faulty
713,223.99136114352072,72.71132515725633,0.0,0.0,1,Faulty
714,219.62365297575153,51.97007721069116,0.0,0.0,1,Faulty
715,231.0330188201652,58.64200076543759,0.0,0.0,1,Faulty
716,221.1422764866204,64.97970495853522,0.0,0.0,1,Faulty
717,221.50301761461878,62.857495196685996,0.0,0.0,1,Faulty
718,216.36387787786146,70.6417772570856,0.0,0.0,1,Faulty
719,219.4305437627893,53.46770444145235,0.0,0.0,1,Faulty
720,223.0780176889206,67.69658697264124,0.0,0.0,1,Faulty
721,202.89831607343373,56.106799836241244,0.0,0.0,1,Faulty
722,206.51814577894288,71.08215721331254,0.0,0.0,1,Faulty
723,227.43264094022715,69.23051226019581,0.0,0.0,1,Faulty
724,221.70865438127942,45.96841946933107,0.0,0.0,1,Faulty
725,218.1601666364732,76.28973174262549,0.0,0.0,1,Faulty
726,220.18433933065393,51.96054832328928,0.0,0.0,1,Faulty
727,223.4758170536167,72.12086697421718,0.0,0.0,1,Faulty
728,214.60240319690638,65.50930970102011,0.0,0.0,1,Faulty
729,212.21695274597687,87.57275515192684,0.0,0.0,1,Faulty
730,221.9584525509768,56.64801026442222,0.0,0.0,1,Faulty
731,210.21627222384967,54.760248058227035,0.0,0.0,1,Faulty
732,224.08252755714472,59.708705911684014,0.0,0.0,1,Faulty
733,202.97416395762158,55.452303257485866,0.0,0.0,1,Faulty
734,230.29155637325644,71.99912852913076,0.0,0.0,1,Faulty
735,224.72597482413042,35.75534087345118,0.0,0.0,1,Faulty
736,222.56029734313876,44.194763712804686,0.0,0.0,1,Faulty
737,229.82690983945514,43.9829561763121,0.0,0.0,1,Faulty
738,236.65474444462578,74.25461387960364,0.0,0.0,1,Faulty
739,230.1437006501813,85.65920058872888,0.0,0.0,1,Faulty
740,201.59125768668355,58.433261721937924,0.0,0.0,1,Faulty
741,207.204230332643,57.46767415214984,0.0,0.0,1,Faulty
742,213.7518142230432,61.050782446697724,0.0,0.0,1,Faulty
743,220.26091050210835,77.42817453912286,0.0,0.0,1,Faulty
744,225.17659020469122,46.089702987141386,0.0,0.0,1,Faulty
745,212.74256186846534,63.57553474102178,0.0,0.0,1,Faulty
746,221.8676676447708,74.62796444673644,0.0,0.0,1,Faulty
747,212.44617067646678,67.51641254909768,0.0,0.0,1,Faulty
748,213.8848219700805,62.843724248981154,0.0,0.0,1,Faulty
749,205.93338903151778,75.01569138850712,0.0,0.0,1,Faulty
750,210.76766753889095,19.451515605011444,0.0,0.0,1,Faulty
751,206.48315394383667,70.16812979296361,0.0,0.0,1,Faulty
752,210.24126747022666,50.188864753088644,0.0,0.0,1,Faulty
753,230.5364179660784,32.54050654715314,0.0,0.0,1,Faulty
754,210.50601111168058,67.66803899287471,0.0,0.0,1,Faulty
755,246.3238206483739,80.60487817744436,0.0,0.0,1,Faulty
756,224.9331790088089,57.93827228058462,0.0,0.0,1,Faulty
757,221.84836123694873,74.29311820804408,0.0,0.0,1,Faulty
758,211.41642219818786,84.18417386982968,0.0,0.0,1,Faulty
759,227.0030987940899,79.72371680376071,0.0,0.0,1,Faulty
760,214.24362173762225,84.59946794057089,0.0,0.0,1,Faulty
761,221.2200981464536,71.13191236607838,0.0,0.0,1,Faulty
762,245.60084538268794,61.13150458352389,0.0,0.0,1,Faulty
763,219.0394010027535,35.97051282154247,0.0,0.0,1,Faulty
764,231.49273326285675,56.30906267805077,0.0,0.0,1,Faulty
765,212.96823574874114,47.35130107025712,0.0,0.0,1,Faulty
766,219.65011509503037,92.5641407624672,0.0,0.0,1,Faulty
767,237.7080063563551,57.36171281351495,0.0,0.0,1,Faulty
768,213.73032942212234,61.848072101767286,0.0,0.0,1,Faulty
769,238.1244855799693,68.27228064060701,0.0,0.0,1,Faulty
770,227.07751935455477,60.654036695586804,0.0,0.0,1,Faulty
771,214.37533224105732,85.4257656064613,0.0,0.0,1,Faulty
772,226.3240773905552,50.66025957398322,0.0,0.0,1,Faulty
773,229.7255444962673,62.91911182855864,0.0,0.0,1,Faulty
774,226.21809962217196,48.86294121452927,0.0,0.0,1,Faulty
775,204.29775280109544,40.19966233168941,0.0,0.0,1,Faulty
776,212.72862824175132,50.82346363642072,0.0,0.0,1,Faulty
777,217.52481364448496,59.44444804427382,0.0,0.0,1,Faulty
778,219.25566570899954,53.5604666322411,0.0,0.0,1,Faulty
779,226.20672097550678,49.61368530189216,0.0,0.0,1,Faulty
780,221.77701000933254,38.90523804492249,0.0,0.0,1,Faulty
781,206.64655641289897,58.75341641056958,0.0,0.0,1,Faulty
782,223.80197851005963,37.42919438953497,0.0,0.0,1,Faulty
783,226.10585745283822,71.40083945534404,0.0,0.0,1,Faulty
784,225.5979044793104,61.23659629401755,0.0,0.0,1,Faulty
785,230.8078072555462,38.13672750802604,0.0,0.0,1,Faulty
786,228.33922154548904,55.36186384425205,0.0,0.0,1,Faulty
787,224.59180079228437,48.71765391614125,0.0,0.0,1,Faulty
788,219.29834288541352,64.78761765628771,0.0,0.0,1,Faulty
789,203.39039066484008,80.10675669034717,0.0,0.0,1,Faulty
790,224.29618219132587,31.87241295531383,0.0,0.0,1,Faulty
791,222.0768768716311,61.72539118721126,0.0,0.0,1,Faulty
792,222.71578837195372,57.59800806650039,0.0,0.0,1,Faulty
793,207.2325142417969,70.07010114675698,0.0,0.0,1,Faulty
794,209.18943459591736,63.19794942356533,0.0,0.0,1,Faulty
795,230.53152853332904,48.72046002391771,0.0,0.0,1,Faulty
796,219.60444846143346,55.214190965000725,0.0,0.0,1,Faulty
797,226.81500697372624,48.05961214794766,0.0,0.0,1,Faulty
798,220.2831837613046,76.14010707897897,0.0,0.0,1,Faulty
799,220.29756139495746,60.319674730079136,0.0,0.0,1,Faulty
800,229.38283805976,88.5178602862951,0.0,0.0,1,Faulty
801,214.83955271782625,59.090087792780686,0.0,0.0,1,Faulty
802,220.96120776940984,49.37389849634306,0.0,0.0,1,Faulty
803,215.3772471129496,37.294284110807595,0.0,0.0,1,Faulty
804,215.65503772567683,32.95290485616083,0.0,0.0,1,Faulty
805,216.9082787653136,36.23796085491765,0.0,0.0,1,Faulty
806,222.22133771633713,64.00689976517225,0.0,0.0,1,Faulty
807,215.21251378336524,67.63087534844901,0.0,0.0,1,Faulty
808,232.5575612557352,36.282139469518,0.0,0.0,1,Faulty
809,211.05392697780496,73.42557471114173,0.0,0.0,1,Faulty
810,218.1312835583864,52.75408422474841,0.0,0.0,1,Faulty
811,215.60268941725826,62.20189517978324,0.0,0.0,1,Faulty
812,234.46977884353734,84.18330942383136,0.0,0.0,1,Faulty
813,221.96554776511576,73.45258973798298,0.0,0.0,1,Faulty
814,230.31844539468634,55.97204028141252,0.0,0.0,1,Faulty
815,205.14439626963028,46.63211661877069,0.0,0.0,1,Faulty
816,222.67050265869258,27.722768980060422,0.0,0.0,1,Faulty
817,228.89630795623438,49.212700211363696,0.0,0.0,1,Faulty
818,220.82283989275425,56.83304641758458,0.0,0.0,1,Faulty
819,230.6548037506535,45.19230709273224,0.0,0.0,1,Faulty
820,214.82711549899628,58.031145493615426,0.0,0.0,1,Faulty
821,234.0934744018558,61.15277824438152,0.0,0.0,1,Faulty
822,242.9889812361925,56.627160272878825,0.0,0.0,1,Faulty
823,216.37161439560342,50.249961287648105,0.0,0.0,1,Faulty
824,215.54497478599228,62.529820079500915,0.0,0.0,1,Faulty
825,234.533844771177,66.62910974354114,0.0,0.0,1,Faulty
826,235.79572145730714,43.64401383835731,0.0,0.0,1,Faulty
827,214.77139972846732,81.16398569619405,0.0,0.0,1,Faulty
828,215.79813182904144,58.521178015736076,0.0,0.0,1,Faulty
829,217.18215391139492,60.28274434417271,0.0,0.0,1,Faulty
830,206.55549488965724,70.62321634884836,0.0,0.0,1,Faulty
831,210.81348053515802,63.49824196895253,0.0,0.0,1,Faulty
832,209.95859233247933,74.29704950869868,0.0,0.0,1,Faulty
833,212.3220243489587,64.30686247802737,0.0,0.0,1,Faulty
834,219.6531511261322,50.81343938039343,0.0,0.0,1,Faulty
835,222.3421473253652,65.42255287809152,0.0,0.0,1,Faulty
836,235.50500492814078,42.844106890190076,0.0,0.0,1,Faulty
837,210.01645959261208,61.62839558664785,0.0,0.0,1,Faulty
838,229.84322398476584,59.50155014033309,0.0,0.0,1,Faulty
839,217.86011155774491,56.8782471409119,0.0,0.0,1,Faulty
840,219.50536290347566,58.07193732841604,0.0,0.0,1,Faulty
841,226.74819492166603,31.772264317535413,0.0,0.0,1,Faulty
842,208.772779784377,51.76912638388558,0.0,0.0,1,Faulty
843,223.8240974618405,61.39267351711672,0.0,0.0,1,Faulty
844,221.66452208213056,62.397845879961004,0.0,0.0,1,Faulty
845,224.9245126400815,44.58487288611063,0.0,0.0,1,Faulty
846,222.89168643907817,78.98561761297051,0.0,0.0,1,Faulty
847,244.55300139910895,47.007377276782485,0.0,0.0,1,Faulty
848,213.62260015748683,74.54185800790106,0.0,0.0,1,Faulty
849,214.69003044998183,66.40791542807527,0.0,0.0,1,Faulty
850,213.76859473575234,50.30659035234295,0.0,0.0,1,Faulty
851,214.44522880839745,86.62966338914268,0.0,0.0,1,Faulty
852,213.62612872693484,42.095447523652794,0.0,0.0,1,Faulty
853,231.89016531107552,73.78731260415002,0.0,0.0,1,Faulty
854,234.20504247989854,75.00873477064468,0.0,0.0,1,Faulty
855,214.29253706250523,49.94069686385033,0.0,0.0,1,Faulty
856,211.6764442689577,80.88697950096493,0.0,0.0,1,Faulty
857,224.71415556386404,56.24930228101571,0.0,0.0,1,Faulty
858,214.4777695571903,64.33040443919785,0.0,0.0,1,Faulty
859,226.3293181775551,63.90482758156831,0.0,0.0,1,Faulty
860,222.02923020851298,57.98536887794178,0.0,0.0,1,Faulty
861,204.84255885002767,72.16212409739673,0.0,0.0,1,Faulty
862,235.47505201330063,71.9023308082832,0.0,0.0,1,Faulty
863,237.9587767309552,33.772020401427284,0.0,0.0,1,Faulty
864,213.87211309515612,79.56510364317229,0.0,0.0,1,Faulty
865,216.12298440064015,35.062620179464886,0.0,0.0,1,Faulty
866,222.85865390724905,75.48819306512486,0.0,0.0,1,Faulty
867,223.34456789987024,76.90057705241375,0.0,0.0,1,Faulty
868,226.5854427267283,43.63550354677203,0.0,0.0,1,Faulty
869,240.1020453876635,53.83778568068123,0.0,0.0,1,Faulty
870,218.23052772505952,43.41442997271096,0.0,0.0,1,Faulty
871,212.01702755461545,56.77618454566897,0.0,0.0,1,Faulty
872,206.20680771985474,55.379485737213884,0.0,0.0,1,Faulty
873,212.6906996005808,71.6949079840401,0.0,0.0,1,Faulty
874,219.66873027126204,79.65463119179412,0.0,0.0,1,Faulty
875,237.94557863517787,80.93525716184934,0.0,0.0,1,Faulty
876,214.8238870096383,51.567479601325466,0.0,0.0,1,Faulty
877,222.23787951638897,56.86167189383208,0.0,0.0,1,Faulty
878,219.8357710392725,34.74842711668575,0.0,0.0,1,Faulty
879,231.88393273448085,47.911949002557165,0.0,0.0,1,Faulty
880,245.26932425873622,74.47277449646187,0.0,0.0,1,Faulty
881,214.6913122707968,84.23374235322348,0.0,0.0,1,Faulty
882,215.1056055748178,41.48476692180117,0.0,0.0,1,Faulty
883,230.44160877069072,51.11303611270659,0.0,0.0,1,Faulty
884,226.81891489626312,59.603913645616096,0.0,0.0,1,Faulty
885,238.46707325736034,64.2024173822941,0.0,0.0,1,Faulty
886,225.83928185325965,47.85594720117531,0.0,0.0,1,Faulty
887,216.4070790921294,66.36091566696135,0.0,0.0,1,Faulty
888,225.9065483069231,52.89240979393626,0.0,0.0,1,Faulty
889,231.0870358058291,59.78321593682581,0.0,0.0,1,Faulty
890,228.20482181197363,68.19426372005549,0.0,0.0,1,Faulty
891,225.07274031107298,60.09633404716407,0.0,0.0,1,Faulty
892,230.66674689589155,53.45421164210147,0.0,0.0,1,Faulty
893,231.69295590445674,58.35585294111254,0.0,0.0,1,Faulty
894,233.82158991037528,58.67455561191997,0.0,0.0,1,Faulty
895,226.48709887589644,54.449834551768085,0.0,0.0,1,Faulty
896,218.32881919683146,56.11805905999346,0.0,0.0,1,Faulty
897,221.46713686433324,83.97970755757075,0.0,0.0,1,Faulty
898,232.06508966508358,68.41379171911858,0.0,0.0,1,Faulty
899,211.83064329012763,55.56779522956259,0.0,0.0,1,Faulty
900,223.686733088729,70.45431606766104,0.0,0.0,1,Faulty
901,216.0666118767264,54.99270765365985,0.0,0.0,1,Faulty
902,220.28744822934817,77.59686956379961,0.0,0.0,1,Faulty
903,232.78451862607298,65.54463288297141,0.0,0.0,1,Faulty
904,221.91099068019903,58.39046783993657,0.0,0.0,1,Faulty
905,220.4643654815615,66.71575388715416,0.0,0.0,1,Faulty
906,206.4014385902008,36.43685771897251,0.0,0.0,1,Faulty
907,227.4625356602722,43.09848796635292,0.0,0.0,1,Faulty
908,226.45484181141074,42.091124904014166,0.0,0.0,1,Faulty
909,241.6325472330546,62.1441464214556,0.0,0.0,1,Faulty
910,216.92221765047,85.98772499227638,0.0,0.0,1,Faulty
911,222.1915032766394,93.46950219288948,0.0,0.0,1,Faulty
912,222.49383683710755,69.57076652161136,0.0,0.0,1,Faulty
913,235.77453279763475,67.51266712416685,0.0,0.0,1,Faulty
914,219.04704467613047,32.984133987708915,0.0,0.0,1,Faulty
915,222.79021525770338,51.859893003989676,0.0,0.0,1,Faulty
916,226.0789650971654,48.183243721376414,0.0,0.0,1,Faulty
917,221.8660912315636,50.68728602623326,0.0,0.0,1,Faulty
918,215.53566385449471,57.47784272122816,0.0,0.0,1,Faulty
919,221.94089992898307,52.91864133454309,0.0,0.0,1,Faulty
920,230.7363174985977,30.310502844363185,0.0,0.0,1,Faulty
921,209.7348470058894,71.218653841763,0.0,0.0,1,Faulty
922,221.32969674146875,43.9088546139029,0.0,0.0,1,Faulty
923,212.99879185060826,63.588702961667245,0.0,0.0,1,Faulty
924,231.95046628924842,91.1112400462496,0.0,0.0,1,Faulty
925,204.76813095216227,46.20923112620365,0.0,0.0,1,Faulty
926,214.41078152728412,22.045687158805052,0.0,0.0,1,Faulty
927,223.7721187506452,55.70993667179834,0.0,0.0,1,Faulty
928,235.6552402923434,76.51439452497857,0.0,0.0,1,Faulty
929,219.34249738927014,89.37521181330891,0.0,0.0,1,Faulty
930,214.44800473306802,41.55675608321375,0.0,0.0,1,Faulty
931,238.8115706944059,67.45048834854782,0.0,0.0,1,Faulty
932,205.51986099583755,53.0203431482992,0.0,0.0,1,Faulty
933,198.01194043379917,58.410774685437964,0.0,0.0,0,Normal
934,224.40014450053332,99.66515020525551,0.0,0.0,1,Faulty
935,214.9794577564739,37.4554450740727,0.0,0.0,1,Faulty
936,209.78767182869288,63.8060949224186,0.0,0.0,1,Faulty
937,227.08356447299354,67.01539757648149,0.0,0.0,1,Faulty
938,222.438007137712,76.2867948740902,0.0,0.0,1,Faulty
939,214.35921369263272,61.46974730206343,0.0,0.0,1,Faulty
940,207.19695601329104,64.62075809256153,0.0,0.0,1,Faulty
941,228.72457328280146,54.125271488673135,0.0,0.0,1,Faulty
942,226.5020117795866,64.0369041186766,0.0,0.0,1,Faulty
943,219.00824136220618,54.85211586753884,0.0,0.0,1,Faulty
944,238.46636996047667,69.32357834784077,0.0,0.0,1,Faulty
945,209.29915233673847,54.45584495934549,0.0,0.0,1,Faulty
946,204.74474829075263,65.6565059085328,0.0,0.0,1,Faulty
947,213.08091930118755,59.56105779472532,0.0,0.0,1,Faulty
948,219.54413983644503,76.89075376158252,0.0,0.0,1,Faulty
949,222.43339449322693,59.229094146172706,0.0,0.0,1,Faulty
950,217.5876394214367,33.40451297689678,0.0,0.0,1,Faulty
951,223.52055396514297,78.92882251070988,0.0,0.0,1,Faulty
952,207.48460575809557,46.414015487060716,0.0,0.0,1,Faulty
953,234.4376460407326,50.1935049202677,0.0,0.0,1,Faulty
954,219.1784882160743,51.065080589347616,0.0,0.0,1,Faulty
955,231.1729583158813,80.61657139756227,0.0,0.0,1,Faulty
956,223.42725346377705,27.964886790319568,0.0,0.0,1,Faulty
957,224.56753219153785,107.0662280048999,0.0,0.0,1,Overheat
958,225.69767280232205,75.84085213599077,0.0,0.0,1,Faulty
959,224.47708560017315,63.348583711937394,0.0,0.0,1,Faulty
960,226.42722759867544,59.1765899907557,0.0,0.0,1,Faulty
961,233.29152530132433,64.28331112286486,0.0,0.0,1,Faulty
962,221.9652116970147,67.81683642569007,0.0,0.0,1,Faulty
963,227.09003757588513,69.67823378925085,0.0,0.0,1,Faulty
964,219.10264305712772,68.33406699005172,0.0,0.0,1,Faulty
965,234.40117215449473,61.34371021882873,0.0,0.0,1,Faulty
966,213.2360769794073,57.03992369539011,0.0,0.0,1,Faulty
967,238.00940432910815,57.730900745197324,0.0,0.0,1,Faulty
968,219.59842049355657,57.07637579470978,0.0,0.0,1,Faulty
969,205.69224897881952,77.00655145300597,0.0,0.0,1,Faulty
970,221.28104414910788,68.90335083421293,0.0,0.0,1,Faulty
971,213.18948342525118,15.894170480035797,0.0,0.0,1,Faulty
972,228.40643548988723,69.83851164794642,0.0,0.0,1,Faulty
973,213.4737602069761,62.92104292078162,0.0,0.0,1,Faulty
974,215.5381656678522,59.71936865331154,0.0,0.0,1,Faulty
975,201.10459269054468,54.17222320366671,0.0,0.0,1,Faulty
976,215.47693680750922,76.86169079979021,0.0,0.0,1,Faulty
977,195.76120673371042,74.21289693184286,0.0,0.0,0,Normal
978,204.16097176514276,48.40683498264586,0.0,0.0,1,Faulty
979,227.60414656144297,66.10578430686803,0.0,0.0,1,Faulty
980,227.85800158650832,45.42514898188071,0.0,0.0,1,Faulty
981,224.25457561784964,39.305727528166045,0.0,0.0,1,Faulty
982,210.33023856870787,50.59924163115052,0.0,0.0,1,Faulty
983,219.5228864385802,72.93590208574138,0.0,0.0,1,Faulty
984,219.96397460909432,74.2968756806413,0.0,0.0,1,Faulty
985,208.41635310807456,67.6962813014594,0.0,0.0,1,Faulty
986,235.03398301767152,70.87643680271995,0.0,0.0,1,Faulty
987,228.77362290575672,67.74267430672438,0.0,0.0,1,Faulty
988,217.79035826170337,50.37777607165572,0.0,0.0,1,Faulty
989,220.2688583899453,66.47883817010911,0.0,0.0,1,Faulty
990,222.08382807947552,72.00614287841523,0.0,0.0,1,Faulty
991,199.5826513157571,71.31436994720362,0.0,0.0,0,Normal
992,217.52822617479404,77.83370057211964,0.0,0.0,1,Faulty
993,213.18015752002202,70.62455770801596,0.0,0.0,1,Faulty
994,209.98379990105084,65.27172311312374,0.0,0.0,1,Faulty
995,217.18899707114045,76.05225357474642,0.0,0.0,1,Faulty
996,237.97686526849523,59.6021811112641,0.0,0.0,1,Faulty
997,226.4084286126701,46.771880231584234,0.0,0.0,1,Faulty
998,214.28821010217203,57.553995540843545,0.0,0.0,1,Faulty
999,225.72582781356158,48.82646032790326,0.0,0.0,1,Faulty
